<?xml version="1.0" encoding="UTF-8"?>
<BlrItmDta xmlns:tns="http://www.ibm.com/dfdl/CobolDataDefinitionFormat" xmlns:xsi="http://www.w3.org/2001/XMLSchema-instance" xsi:noNamespaceSchemaLocation="BlrItmDta.xsd">
  <TabRowVer> </TabRowVer>
  <UpdUsrIde> </UpdUsrIde>
  <UpdStp> </UpdStp>
  <SadBlrIde> </SadBlrIde>
  <SadBlrAct> </SadBlrAct>
  <SadSvcTyp> </SadSvcTyp>
  <BlrActIbk> </BlrActIbk>
  <BlrActIvr> </BlrActIvr>
  <BlrActMbk> </BlrActMbk>
  <BlrActIce> </BlrActIce>
  <BlrActAtm> </BlrActAtm>
  <BlrActCIB> </BlrActCIB>
  <Rsv103> </Rsv103>
  <BlrBilFlg> </BlrBilFlg>
  <BlrStlSib> </BlrStlSib>
  <BlrNamEng> </BlrNamEng>
  <BlrNamAra> </BlrNamAra>
  <AccLenMin>0</AccLenMin>
  <AccLenMax>0</AccLenMax>
  <ChkDigMth>0</ChkDigMth>
  <BilCycFlg> </BilCycFlg>
  <BilNumFlg> </BilNumFlg>
  <RefInfFlg> </RefInfFlg>
  <DspNamEng> </DspNamEng>
  <DspNamArb> </DspNamArb>
  <AlwPrePay> </AlwPrePay>
  <BlrCdeEng> </BlrCdeEng>
  <BlrCdeArb> </BlrCdeArb>
  <LabDta_R>
    <LabDta>                                             </LabDta>
    <LabDta>                                             </LabDta>
    <LabDta>                                             </LabDta>
    <LabDta>                                             </LabDta>
  </LabDta_R>
  <PreCdeGrp_R>
    <PreCdeCnt>0</PreCdeCnt>
    <PreCdeDef>0</PreCdeDef>
    <PreCdeGrp>
      <SadPmtTyp>          </SadPmtTyp>
    </PreCdeGrp>
    <PreCdeGrp>
      <SadPmtTyp>          </SadPmtTyp>
    </PreCdeGrp>
    <PreCdeGrp>
      <SadPmtTyp>          </SadPmtTyp>
    </PreCdeGrp>
    <PreCdeGrp>
      <SadPmtTyp>          </SadPmtTyp>
    </PreCdeGrp>
    <PreCdeGrp>
      <SadPmtTyp>          </SadPmtTyp>
    </PreCdeGrp>
    <PreCdeGrp>
      <SadPmtTyp>          </SadPmtTyp>
    </PreCdeGrp>
    <PreCdeGrp>
      <SadPmtTyp>          </SadPmtTyp>
    </PreCdeGrp>
    <PreCdeGrp>
      <SadPmtTyp>          </SadPmtTyp>
    </PreCdeGrp>
    <PreCdeGrp>
      <SadPmtTyp>          </SadPmtTyp>
    </PreCdeGrp>
    <PreCdeGrp>
      <SadPmtTyp>          </SadPmtTyp>
    </PreCdeGrp>
  </PreCdeGrp_R>
  <NonStdCde> </NonStdCde>
  <SadSvcCde> </SadSvcCde>
  <BlrRefFlg> </BlrRefFlg>
  <DynBilAmt> </DynBilAmt>
  <DefnatIde> </DefnatIde>
  <Rsv40> </Rsv40>
</BlrItmDta>
