<?xml version="1.0" encoding="UTF-8"?>
<saibint:Dumping xmlns:saibint="http://www.saib.com.sa/monitoring/bam/dump/v1" xmlns:xsi="http://www.w3.org/2001/XMLSchema-instance" xsi:schemaLocation="http://www.saib.com.sa/monitoring/bam/dump/v1 dumping.xsd ">
  <saibint:EventSource>saibint:EventSource</saibint:EventSource>
  <saibint:CorrelationId>saibint:CorrelationId</saibint:CorrelationId>
  <saibint:TransactionId>saibint:TransactionId</saibint:TransactionId>
  <saibint:TargetSystem>saibint:TargetSystem</saibint:TargetSystem>
  <saibint:MsgHeader>saibint:MsgHeader</saibint:MsgHeader>
  <saibint:MsgBody>saibint:MsgBody</saibint:MsgBody>
  <saibint:TimeStamp>2001-12-31T12:00:00</saibint:TimeStamp>
  <saibint:Status>saibint:Status</saibint:Status>
  <saibint:Type>Request</saibint:Type>
  <saibint:OperationName>saibint:OperationName</saibint:OperationName>
</saibint:Dumping>
